{
  "assetsByChunkName": {
    "component---src-pages-index-js": [
      "component---src-pages-index-js-d0df2b042a34cbf88250.js",
      "component---src-pages-index-js-d0df2b042a34cbf88250.js.map"
    ],
    "path---": [
      "path----557518bd178906f8d58a.js",
      "path----557518bd178906f8d58a.js.map"
    ],
    "component---node-modules-gatsby-plugin-offline-app-shell-js": [
      "component---node-modules-gatsby-plugin-offline-app-shell-js-5c4c5a0f7af9dc69d6d7.js",
      "component---node-modules-gatsby-plugin-offline-app-shell-js-5c4c5a0f7af9dc69d6d7.js.map"
    ],
    "component---src-layouts-index-js": [
      "component---src-layouts-index-js-464157fb43016d4a14bf.js",
      "component---src-layouts-index-js-464157fb43016d4a14bf.js.map"
    ],
    "path---index": [
      "path---index-ba3f53f578c83e3e03ea.js",
      "path---index-ba3f53f578c83e3e03ea.js.map"
    ],
    "component---src-pages-404-js": [
      "component---src-pages-404-js-4503918ea3a16cfcdb75.js",
      "component---src-pages-404-js-4503918ea3a16cfcdb75.js.map"
    ],
    "commons": [
      "commons-e43945cb623e197150bc.js",
      "commons-e43945cb623e197150bc.js.map"
    ],
    "path---404-html": [
      "path---404-html-a0e39f21c11f6a62c5ab.js",
      "path---404-html-a0e39f21c11f6a62c5ab.js.map"
    ],
    "path---offline-plugin-app-shell-fallback": [
      "path---offline-plugin-app-shell-fallback-a0e39f21c11f6a62c5ab.js",
      "path---offline-plugin-app-shell-fallback-a0e39f21c11f6a62c5ab.js.map"
    ],
    "app": [
      "app-40e72ce4a2de6e856b00.js",
      "build-js-styles.css",
      "app-40e72ce4a2de6e856b00.js.map",
      "build-js-styles.css.map"
    ],
    "path---en": [
      "path---en-ba3f53f578c83e3e03ea.js",
      "path---en-ba3f53f578c83e3e03ea.js.map"
    ],
    "path---404": [
      "path---404-a0e39f21c11f6a62c5ab.js",
      "path---404-a0e39f21c11f6a62c5ab.js.map"
    ],
    "component---src-pages-en-js": [
      "component---src-pages-en-js-6fcf91fb6d75b2764b16.js",
      "component---src-pages-en-js-6fcf91fb6d75b2764b16.js.map"
    ]
  }
}